setting,algorithm,run_id,max_return,normalized_best_cost,values
hard-1-of-4_infinite,ippo-EPyMARL,1,-77.89523315429688,0.5452337463657386,"[-445.5521545410156, -80.01533508300781, -79.79149627685547, -79.86426544189453, -78.95506286621094, -79.09799194335938, -80.39610290527344, -78.9345474243164, -78.17487335205078, -81.4554214477539, -77.89523315429688, -80.97921752929688, -80.14305114746094, -81.66224670410156, -78.99515533447266, -79.54704284667969, -79.46159362792969, -77.93254089355469, -80.4885025024414, -78.13800811767578, -78.8157958984375]"
hard-1-of-4_infinite,ippo-EPyMARL,10,-60.60184097290039,0.20217895205118808,"[-461.1612548828125, -70.88200378417969, -66.31201171875, -72.48930358886719, -63.69094467163086, -70.84078979492188, -66.26448822021484, -67.40987396240234, -71.40213775634766, -69.69315338134766, -61.87786865234375, -61.85821533203125, -61.231510162353516, -60.7843017578125, -60.60184097290039, -62.22584915161133, -62.112056732177734, -69.88131713867188, -61.244895935058594, -63.11643981933594, -61.25192642211914]"
hard-1-of-4_infinite,ippo-EPyMARL,2,-61.1003303527832,0.21206765230674884,"[-410.9449157714844, -64.6371078491211, -68.00717163085938, -69.74104309082031, -66.77346801757812, -66.726806640625, -66.89755249023438, -69.87989044189453, -65.92198944091797, -64.66435241699219, -64.06297302246094, -64.53842163085938, -64.26630401611328, -61.1003303527832, -63.06056594848633, -65.93685913085938, -63.867279052734375, -65.40040588378906, -62.964149475097656, -61.956058502197266, -62.94939041137695]"
hard-1-of-4_infinite,ippo-EPyMARL,3,-77.83124542236328,0.5439644003642787,"[-409.4866027832031, -79.01618957519531, -79.15332794189453, -80.58795166015625, -79.41314697265625, -80.20002746582031, -79.44556427001953, -77.83124542236328, -81.58329010009766, -80.97731018066406, -81.17230987548828, -84.40631866455078, -80.77253723144531, -81.94371032714844, -79.22693634033203, -78.55674743652344, -79.2540512084961, -78.80184173583984, -79.57655334472656, -79.69222259521484, -85.17459106445312]"
hard-1-of-4_infinite,ippo-EPyMARL,4,-60.4111442565918,0.1983960376233247,"[-467.816650390625, -68.87273406982422, -66.7594985961914, -68.94706726074219, -64.51439666748047, -66.6212387084961, -70.0999755859375, -63.050193786621094, -65.39604187011719, -64.55667877197266, -63.476863861083984, -64.07953643798828, -64.63304901123047, -64.54815673828125, -63.62325668334961, -63.32006072998047, -64.71318054199219, -64.65019226074219, -60.4111442565918, -62.636966705322266, -61.8721809387207]"
hard-1-of-4_infinite,ippo-EPyMARL,5,-63.034385681152344,0.2504341535638237,"[-434.5205993652344, -68.26655578613281, -67.52808380126953, -63.034385681152344, -65.85291290283203, -67.5297622680664, -64.95657348632812, -63.241451263427734, -70.46920776367188, -64.30072021484375, -67.56576538085938, -63.95626449584961, -65.11324310302734, -65.51681518554688, -64.86406707763672, -64.70085144042969, -64.78773498535156, -64.76936340332031, -65.41765594482422, -64.77191162109375, -64.69085693359375]"
hard-1-of-4_infinite,ippo-EPyMARL,6,-63.06208038330078,0.25098354261655986,"[-409.9635925292969, -73.23749542236328, -72.09607696533203, -69.49418640136719, -66.73898315429688, -63.920799255371094, -67.965087890625, -66.49993896484375, -63.68772888183594, -64.76982879638672, -64.74864196777344, -64.6090087890625, -64.84642791748047, -64.71113586425781, -64.44788360595703, -63.06208038330078, -64.6368179321289, -65.029296875, -64.68851470947266, -63.47615051269531, -65.70714569091797]"
hard-1-of-4_infinite,ippo-EPyMARL,7,-63.787864685058594,0.26538116812256685,"[-438.25537109375, -69.0713119506836, -67.30403900146484, -66.9498291015625, -63.92330551147461, -70.88523864746094, -68.91938781738281, -64.84581756591797, -64.1413803100586, -69.3197021484375, -70.93437957763672, -69.72125244140625, -64.90057373046875, -63.787864685058594, -64.6894760131836, -64.66783142089844, -64.10481262207031, -64.82701110839844, -64.62013244628906, -65.31456756591797, -65.18495178222656]"
hard-1-of-4_infinite,ippo-EPyMARL,8,-63.212646484375,0.25397037263191846,"[-453.78460693359375, -65.62581634521484, -70.2761459350586, -69.20313262939453, -70.1061019897461, -69.32085418701172, -68.27532196044922, -68.05894470214844, -69.41297149658203, -64.99407196044922, -63.212646484375, -64.2666244506836, -64.68267822265625, -64.9605712890625, -63.99717330932617, -64.5274429321289, -64.87458038330078, -64.6948013305664, -64.46058654785156, -64.81322479248047, -64.69032287597656]"
hard-1-of-4_infinite,ippo-EPyMARL,9,-60.398681640625,0.19814881254959338,"[-428.12554931640625, -67.39893341064453, -64.98461151123047, -74.17781829833984, -68.69815826416016, -64.67814636230469, -64.15238189697266, -62.26179504394531, -69.02362823486328, -63.408470153808594, -61.27508544921875, -61.83596420288086, -60.8574333190918, -61.47568893432617, -62.45732498168945, -62.97649383544922, -61.615966796875, -62.768463134765625, -60.398681640625, -61.688236236572266, -60.74687957763672]"
hard-1-of-4_infinite,mappo-EPyMARL,1,-63.05643081665039,0.25087147027673873,"[-421.04864501953125, -73.33335876464844, -69.06006622314453, -63.05643081665039, -63.634483337402344, -63.88382339477539, -64.7369384765625, -64.79427337646484, -64.64551544189453, -64.28646850585938, -64.564697265625, -64.8510971069336, -65.10768127441406, -65.24068450927734, -64.47027587890625, -64.80781555175781, -64.90092468261719, -65.47134399414062, -64.56721496582031, -64.69881439208984, -64.89373779296875]"
hard-1-of-4_infinite,mappo-EPyMARL,10,-63.0137939453125,0.2500256684251638,"[-443.19537353515625, -69.0038833618164, -69.34361267089844, -63.0137939453125, -65.07710266113281, -63.98966979980469, -64.2838134765625, -64.621337890625, -65.38973236083984, -63.68898010253906, -64.81427764892578, -64.85090637207031, -65.119873046875, -64.7330551147461, -64.83116149902344, -66.13533782958984, -64.8178939819336, -63.60348129272461, -64.78865814208984, -64.60816192626953, -64.71630859375]"
hard-1-of-4_infinite,mappo-EPyMARL,2,-56.94256591796875,0.12958869109241733,"[-405.9886779785156, -71.3337173461914, -68.63695526123047, -71.49134063720703, -66.12991333007812, -64.8957290649414, -65.33842468261719, -69.52134704589844, -63.473854064941406, -64.98353576660156, -64.97821807861328, -58.04560089111328, -60.61946487426758, -57.02067184448242, -62.02927017211914, -61.761558532714844, -61.737770080566406, -61.88453674316406, -56.94256591796875, -61.31477355957031, -61.6474609375]"
hard-1-of-4_infinite,mappo-EPyMARL,3,-58.999168395996094,0.17038620107113855,"[-418.0274658203125, -66.10411834716797, -73.35201263427734, -62.18132400512695, -61.379215240478516, -60.92979431152344, -60.298954010009766, -61.99933624267578, -60.44668960571289, -61.742286682128906, -60.79066848754883, -61.71562576293945, -61.5493049621582, -61.24557113647461, -60.85776138305664, -61.83269119262695, -62.13880920410156, -62.2806282043457, -60.65876388549805, -58.999168395996094, -60.693111419677734]"
hard-1-of-4_infinite,mappo-EPyMARL,4,-61.184688568115234,0.21374109438832045,"[-480.8373718261719, -65.068359375, -66.9975357055664, -65.84708404541016, -65.13522338867188, -64.6163330078125, -65.67536163330078, -69.56918334960938, -65.04202270507812, -64.72753143310547, -64.8838882446289, -64.80146789550781, -65.18085479736328, -64.59768676757812, -66.61512756347656, -66.12588500976562, -65.47390747070312, -69.1036605834961, -62.49462127685547, -61.184688568115234, -62.162071228027344]"
hard-1-of-4_infinite,mappo-EPyMARL,5,-63.6027717590332,0.2617094179534458,"[-467.13543701171875, -75.52294158935547, -69.4792251586914, -70.63972473144531, -69.11080932617188, -64.49008178710938, -63.6027717590332, -70.01317596435547, -64.1023941040039, -64.15738677978516, -66.38578033447266, -63.94304656982422, -64.75086212158203, -63.85966873168945, -69.74676513671875, -69.01947021484375, -64.10733795166016, -66.0032958984375, -64.74515533447266, -64.10096740722656, -64.73908233642578]"
hard-1-of-4_infinite,mappo-EPyMARL,6,-63.942474365234375,0.2684482119665619,"[-441.0028381347656, -67.62767791748047, -67.56722259521484, -63.942474365234375, -69.25293731689453, -65.71636199951172, -65.00904846191406, -64.21244049072266, -64.88977813720703, -65.03095245361328, -64.83152770996094, -64.50392150878906, -65.25746154785156, -64.57438659667969, -64.75871276855469, -64.80567169189453, -65.93614196777344, -64.80876922607422, -64.64390563964844, -65.52478790283203, -64.71282958984375]"
hard-1-of-4_infinite,mappo-EPyMARL,7,-63.72706985473633,0.2641751607763605,"[-434.6448059082031, -64.91323852539062, -67.73919677734375, -67.38838958740234, -63.72706985473633, -64.08344268798828, -65.95533752441406, -65.05413055419922, -64.92202758789062, -64.62220001220703, -67.9746322631836, -64.79646301269531, -64.64727783203125, -64.75067901611328, -63.90153121948242, -66.62760925292969, -64.2266616821289, -65.13973236083984, -64.61659240722656, -65.13356018066406, -64.76998138427734]"
hard-1-of-4_infinite,mappo-EPyMARL,8,-61.07590103149414,0.21158303970430747,"[-423.33673095703125, -69.6527328491211, -68.8077621459961, -70.29329681396484, -63.21903610229492, -67.29861450195312, -64.865966796875, -67.5256576538086, -61.07590103149414, -69.39155578613281, -62.74669647216797, -64.36622619628906, -64.92601776123047, -64.96732330322266, -66.71270751953125, -64.69905853271484, -65.14646911621094, -64.8995132446289, -64.78594207763672, -64.54185485839844, -64.00505828857422]"
hard-1-of-4_infinite,mappo-EPyMARL,9,-64.24715423583984,0.2744922482808936,"[-421.24835205078125, -69.63482666015625, -67.05292510986328, -65.66227722167969, -68.83141326904297, -67.50346374511719, -69.5204849243164, -66.05416870117188, -64.77776336669922, -64.24715423583984, -64.84642791748047, -64.56143188476562, -65.07195281982422, -64.4043197631836, -64.71318817138672, -65.01667022705078, -64.7572021484375, -64.72886657714844, -65.03060150146484, -64.80127716064453, -64.76266479492188]"
hard-1-of-4_infinite,qmix-EPyMARL,1,-59.27684020996094,0.17589446954891774,"[-279.9361267089844, -59.27684020996094, -59.990318298339844, -62.90226364135742, -61.26612091064453, -62.82143020629883, -61.52716827392578, -62.24933624267578, -64.92854309082031, -61.77235412597656, -63.748714447021484]"
hard-1-of-4_infinite,qmix-EPyMARL,10,-56.04740524291992,0.11183108992104596,"[-1255.3575439453125, -60.27647018432617, -59.359439849853516, -72.05859375, -62.50856018066406, -59.33634567260742, -70.02385711669922, -58.889278411865234, -58.867088317871094, -63.21017074584961, -56.04740524291992]"
hard-1-of-4_infinite,qmix-EPyMARL,2,-62.82175064086914,0.24621604127889585,"[-222.23582458496094, -62.82175064086914, -62.9776611328125, -65.03224182128906, -62.89682388305664, -63.81229019165039, -65.07538604736328, -65.90734100341797, -65.29113006591797, -65.76770782470703, -64.84588623046875]"
hard-1-of-4_infinite,qmix-EPyMARL,3,-56.34117889404297,0.11765877591832918,"[-461.5036315917969, -67.49102020263672, -62.976749420166016, -59.89798355102539, -60.131656646728516, -60.31013107299805, -60.28461837768555, -60.34091567993164, -59.624759674072266, -56.550811767578125, -56.34117889404297]"
hard-1-of-4_infinite,qmix-EPyMARL,4,-57.2474365234375,0.1356365110779112,"[-341.28448486328125, -62.971946716308594, -58.108428955078125, -59.14636993408203, -59.1161994934082, -58.53258514404297, -58.628475189208984, -57.2474365234375, -59.01417922973633, -59.20900344848633, -59.0968017578125]"
hard-1-of-4_infinite,qmix-EPyMARL,5,-59.53388595581055,0.18099357182722775,"[-231.897216796875, -59.53388595581055, -61.633060455322266, -63.94932556152344, -60.987125396728516, -62.78474426269531, -61.097923278808594, -60.730613708496094, -63.99325180053711, -70.23828887939453, -63.35449981689453]"
hard-1-of-4_infinite,qmix-EPyMARL,6,-58.98394012451172,0.1700841127655568,"[-236.43438720703125, -71.28038024902344, -58.98394012451172, -67.76947784423828, -62.887550354003906, -62.69163513183594, -61.8801383972168, -61.93878173828125, -63.51591110229492, -63.996551513671875, -62.788551330566406]"
hard-1-of-4_infinite,qmix-EPyMARL,7,-58.96041488647461,0.16961743476442392,"[-307.1806335449219, -60.90269088745117, -60.47722625732422, -64.14735412597656, -63.051883697509766, -62.81321334838867, -59.549320220947266, -59.754798889160156, -60.25815963745117, -58.96041488647461, -58.975704193115234]"
hard-1-of-4_infinite,qmix-EPyMARL,8,-61.47130584716797,0.219426817043602,"[-1255.3575439453125, -72.1792984008789, -69.1633071899414, -61.5125732421875, -62.734169006347656, -61.782440185546875, -62.04232406616211, -61.515201568603516, -62.13064956665039, -61.59880447387695, -61.47130584716797]"
hard-1-of-4_infinite,qmix-EPyMARL,9,-60.98100662231445,0.20970058762774157,"[-222.23582458496094, -68.61541748046875, -63.14149475097656, -63.07014846801758, -63.018558502197266, -60.98100662231445, -64.56011962890625, -61.58433532714844, -63.69483184814453, -62.09506607055664, -61.96171188354492]"
hard-2-of-4_infinite,ippo-EPyMARL,1,-152.86309814453125,0.10298793668036121,"[-415.64959716796875, -159.78671264648438, -163.11387634277344, -155.8033447265625, -155.8047332763672, -158.8867645263672, -153.9634246826172, -157.02188110351562, -154.3822479248047, -154.17616271972656, -158.29763793945312, -159.62518310546875, -155.58265686035156, -155.23980712890625, -152.86309814453125, -157.5624542236328, -153.10333251953125, -152.977294921875, -154.1619110107422, -155.7551727294922, -154.10633850097656]"
hard-2-of-4_infinite,ippo-EPyMARL,10,-158.54571533203125,0.14399101906364997,"[-480.9781494140625, -158.54571533203125, -168.8096923828125, -166.0054168701172, -171.76678466796875, -173.404296875, -166.53182983398438, -168.98873901367188, -171.8157958984375, -168.41879272460938, -168.0970001220703, -168.0966339111328, -176.463623046875, -172.69851684570312, -168.30638122558594, -169.60043334960938, -166.72608947753906, -167.89476013183594, -165.8434295654297, -167.25039672851562, -174.0207977294922]"
hard-2-of-4_infinite,ippo-EPyMARL,2,-152.5137176513672,0.1004669720136171,"[-482.71759033203125, -156.3817901611328, -156.86155700683594, -152.5137176513672, -156.64837646484375, -161.28587341308594, -153.51168823242188, -156.8787384033203, -156.4024200439453, -154.0136260986328, -159.9623260498047, -152.90708923339844, -155.59402465820312, -152.61294555664062, -152.84432983398438, -153.14468383789062, -154.9369659423828, -155.400146484375, -153.0250244140625, -153.18861389160156, -156.66407775878906]"
hard-2-of-4_infinite,ippo-EPyMARL,3,-151.50479125976562,0.09318703557086105,"[-453.8841247558594, -153.00552368164062, -152.82406616210938, -155.45399475097656, -158.7251739501953, -152.764892578125, -155.92750549316406, -155.9783477783203, -155.9917755126953, -157.5006866455078, -157.79287719726562, -153.6046142578125, -154.2256317138672, -151.50479125976562, -155.4017333984375, -153.26768493652344, -156.6967315673828, -152.71438598632812, -154.14340209960938, -156.99171447753906, -153.5253143310547]"
hard-2-of-4_infinite,ippo-EPyMARL,4,-153.1154327392578,0.10480866396751432,"[-469.5346374511719, -157.5464324951172, -156.79721069335938, -153.1154327392578, -155.02162170410156, -164.31663513183594, -163.63282775878906, -168.51658630371094, -176.6683349609375, -169.6282958984375, -163.9487762451172, -168.3389129638672, -173.14732360839844, -172.7879180908203, -170.07652282714844, -168.123046875, -167.48965454101562, -163.3479461669922, -162.9307861328125, -170.3974609375, -170.7627410888672]"
hard-2-of-4_infinite,ippo-EPyMARL,5,-152.58412170410156,0.10097497441447123,"[-472.0086669921875, -156.27784729003906, -160.49636840820312, -158.7564239501953, -166.3833770751953, -156.23284912109375, -154.7441864013672, -159.707275390625, -162.2414093017578, -153.27377319335938, -152.6951904296875, -157.89422607421875, -155.59521484375, -154.5431671142578, -156.89601135253906, -157.63377380371094, -153.26185607910156, -156.22625732421875, -161.13453674316406, -152.58412170410156, -153.52609252929688]"
hard-2-of-4_infinite,ippo-EPyMARL,6,-153.05148315429688,0.10434723395841594,"[-466.3158874511719, -162.97647094726562, -160.66465759277344, -159.9438018798828, -160.4360809326172, -162.9480743408203, -158.61459350585938, -159.5829620361328, -159.50367736816406, -156.32925415039062, -155.11109924316406, -156.2576141357422, -154.99880981445312, -153.12054443359375, -155.4416961669922, -154.28402709960938, -153.2227783203125, -153.05148315429688, -153.7395782470703, -153.71170043945312, -156.32559204101562]"
hard-2-of-4_infinite,ippo-EPyMARL,7,-153.56243896484375,0.10803404982209219,"[-471.46435546875, -155.00709533691406, -158.58363342285156, -157.89688110351562, -165.5591583251953, -155.85049438476562, -159.48910522460938, -158.5647430419922, -159.01800537109375, -155.64610290527344, -153.9703826904297, -156.4315185546875, -154.63876342773438, -153.76910400390625, -160.41212463378906, -157.66897583007812, -157.9868927001953, -159.16807556152344, -153.56243896484375, -154.78082275390625, -154.58299255371094]"
hard-2-of-4_infinite,ippo-EPyMARL,8,-151.32322692871094,0.09187695308976784,"[-417.9751281738281, -158.15451049804688, -153.6499786376953, -152.8770751953125, -154.3533935546875, -154.30691528320312, -152.4197540283203, -155.7174835205078, -152.27261352539062, -152.493896484375, -151.66087341308594, -154.37295532226562, -154.04019165039062, -152.5115966796875, -155.02377319335938, -154.35617065429688, -157.4220733642578, -152.2384796142578, -151.32322692871094, -152.651123046875, -151.88592529296875]"
hard-2-of-4_infinite,ippo-EPyMARL,9,-153.21084594726562,0.10549712062389505,"[-429.8522033691406, -160.40188598632812, -158.92588806152344, -157.3905487060547, -159.16993713378906, -159.79855346679688, -159.35214233398438, -160.39254760742188, -156.09942626953125, -157.68263244628906, -158.0699005126953, -154.30648803710938, -161.46234130859375, -157.97332763671875, -164.4918670654297, -153.88446044921875, -155.24603271484375, -153.21084594726562, -159.56712341308594, -153.6051025390625, -162.18411254882812]"
hard-2-of-4_infinite,mappo-EPyMARL,10,-152.6892852783203,0.10173378510946174,"[-466.72613525390625, -161.2294464111328, -163.62261962890625, -162.55868530273438, -160.1126708984375, -161.7515869140625, -164.5830078125, -159.89093017578125, -155.27566528320312, -155.28909301757812, -155.5590057373047, -162.33071899414062, -159.71859741210938, -154.7994384765625, -152.6892852783203, -154.64279174804688, -153.90220642089844, -159.6920928955078, -154.47540283203125, -154.3810577392578, -152.74075317382812]"
hard-2-of-4_infinite,mappo-EPyMARL,11,-151.88497924804688,0.09593029257556007,"[-484.9717102050781, -154.25706481933594, -151.88497924804688, -158.01968383789062, -157.39183044433594, -160.0260772705078, -156.74183654785156, -155.36692810058594, -156.57254028320312, -156.17764282226562, -156.9492950439453, -155.58436584472656, -153.0568084716797, -153.76339721679688, -153.24789428710938, -153.31707763671875, -153.0253143310547, -154.63763427734375, -155.0162811279297, -153.29275512695312, -157.07777404785156]"
hard-2-of-4_infinite,mappo-EPyMARL,2,-152.6717987060547,0.10160761026087517,"[-450.4021301269531, -160.04078674316406, -164.1020050048828, -157.0590057373047, -158.21168518066406, -156.7754364013672, -154.18487548828125, -156.70887756347656, -153.22999572753906, -164.26864624023438, -158.3660430908203, -157.3355255126953, -156.19577026367188, -152.71385192871094, -153.0771484375, -153.18426513671875, -155.78640747070312, -156.97142028808594, -153.13731384277344, -152.6717987060547, -154.32762145996094]"
hard-2-of-4_infinite,mappo-EPyMARL,3,-152.79556274414062,0.10250063312028734,"[-472.10888671875, -170.3379669189453, -157.46194458007812, -158.30455017089844, -155.15965270996094, -156.92567443847656, -154.42112731933594, -155.43905639648438, -158.5032958984375, -156.4603729248047, -155.24282836914062, -152.79556274414062, -161.57928466796875, -160.21817016601562, -155.41494750976562, -152.95718383789062, -155.94354248046875, -153.102783203125, -152.90188598632812, -158.82723999023438, -155.4869384765625]"
hard-2-of-4_infinite,mappo-EPyMARL,4,-152.3408660888672,0.0992197567563835,"[-451.979248046875, -156.31309509277344, -159.95773315429688, -160.93368530273438, -162.70858764648438, -160.0250244140625, -155.34988403320312, -156.5360565185547, -155.49400329589844, -153.6072998046875, -154.5340118408203, -152.3408660888672, -154.5242462158203, -154.30845642089844, -162.03367614746094, -153.29075622558594, -155.31106567382812, -152.91229248046875, -152.47598266601562, -153.51405334472656, -152.5612030029297]"
hard-2-of-4_infinite,mappo-EPyMARL,5,-151.51954650878906,0.0932935024806194,"[-455.0042419433594, -158.66427612304688, -156.63818359375, -159.35025024414062, -155.97642517089844, -156.88192749023438, -154.14593505859375, -159.92848205566406, -158.20196533203125, -156.83694458007812, -157.89910888671875, -160.10203552246094, -151.51954650878906, -156.75689697265625, -156.854736328125, -152.35049438476562, -163.83277893066406, -159.56056213378906, -153.08184814453125, -155.6407470703125, -153.54925537109375]"
hard-2-of-4_infinite,mappo-EPyMARL,6,-152.9207763671875,0.1034041155003067,"[-445.60479736328125, -160.24716186523438, -156.5950164794922, -160.5796661376953, -159.82252502441406, -158.46023559570312, -159.57835388183594, -164.4811248779297, -156.45681762695312, -155.326416015625, -157.27792358398438, -153.24053955078125, -160.0264129638672, -153.7216796875, -155.5887451171875, -155.8701934814453, -157.02679443359375, -153.02745056152344, -153.24899291992188, -152.9207763671875, -154.96316528320312]"
hard-2-of-4_infinite,mappo-EPyMARL,7,-152.72537231445312,0.10199417212246997,"[-456.570068359375, -165.2180938720703, -159.352783203125, -156.19549560546875, -154.33831787109375, -153.46099853515625, -155.35638427734375, -154.4214324951172, -160.93113708496094, -161.0181427001953, -155.6041717529297, -156.22494506835938, -156.1689453125, -157.4358673095703, -155.49908447265625, -152.72537231445312, -156.27500915527344, -155.48602294921875, -154.26809692382812, -161.44155883789062, -157.06521606445312]"
hard-2-of-4_infinite,mappo-EPyMARL,8,-152.89761352539062,0.10323698337102694,"[-465.9021911621094, -163.12257385253906, -161.8188934326172, -160.93252563476562, -161.67416381835938, -158.28794860839844, -153.84591674804688, -153.76283264160156, -155.778076171875, -155.30393981933594, -161.96145629882812, -157.10731506347656, -153.88531494140625, -154.26455688476562, -154.3258514404297, -153.1479949951172, -152.89761352539062, -156.30320739746094, -153.69468688964844, -153.4036407470703, -152.94847106933594]"
hard-2-of-4_infinite,mappo-EPyMARL,9,-153.10504150390625,0.10473368571979402,"[-436.45697021484375, -155.9454345703125, -159.84104919433594, -156.51243591308594, -156.93548583984375, -161.1475372314453, -158.52670288085938, -159.24656677246094, -156.86927795410156, -160.60702514648438, -158.2586212158203, -159.4741973876953, -163.05784606933594, -156.0972442626953, -153.10504150390625, -153.4406280517578, -153.5664825439453, -158.3024139404297, -154.59059143066406, -153.8550262451172, -153.9071807861328]"
hard-2-of-4_infinite,qmix-EPyMARL,1,-152.17605590820312,0.09803056431346513,"[-640.7939453125, -155.1475067138672, -153.76010131835938, -152.17605590820312, -155.02952575683594, -156.98736572265625, -152.64981079101562, -152.92503356933594, -157.77481079101562, -152.66143798828125, -155.55172729492188]"
hard-2-of-4_infinite,qmix-EPyMARL,10,-152.5312042236328,0.10059314686220366,"[-760.3095092773438, -160.21969604492188, -161.17608642578125, -153.70223999023438, -155.434326171875, -152.61068725585938, -152.58218383789062, -152.74864196777344, -155.32870483398438, -155.09951782226562, -152.5312042236328]"
hard-2-of-4_infinite,qmix-EPyMARL,2,-152.69837951660156,0.10179940483874428,"[-585.459228515625, -155.84193420410156, -162.34652709960938, -157.57705688476562, -155.984130859375, -155.90858459472656, -153.72654724121094, -152.69837951660156, -157.12655639648438, -154.2376251220703, -152.83135986328125]"
hard-2-of-4_infinite,qmix-EPyMARL,3,-152.49966430664062,0.10036556971383659,"[-640.7939453125, -165.94537353515625, -155.29150390625, -157.7128448486328, -152.82470703125, -152.49966430664062, -155.88113403320312, -152.7838897705078, -156.214111328125, -155.99984741210938, -157.48291015625]"
hard-2-of-4_infinite,qmix-EPyMARL,4,-152.38241577148438,0.09951955964704795,"[-759.87109375, -161.64187622070312, -160.54649353027344, -158.4010772705078, -157.24969482421875, -152.7772674560547, -152.9300537109375, -163.44674682617188, -153.7622833251953, -152.38241577148438, -160.04910278320312]"
hard-2-of-4_infinite,qmix-EPyMARL,5,-152.42172241210938,0.0998031778058257,"[-760.0805053710938, -156.32452392578125, -154.668212890625, -153.0325164794922, -152.8964385986328, -152.42172241210938, -155.77603149414062, -152.7310333251953, -156.95794677734375, -152.7096405029297, -153.9137420654297]"
hard-2-of-4_infinite,qmix-EPyMARL,6,-146.3197021484375,0.05577388086036139,"[-1255.3575439453125, -157.02621459960938, -161.2543487548828, -155.10218811035156, -155.31698608398438, -156.18324279785156, -152.95950317382812, -148.2895965576172, -156.00323486328125, -146.74327087402344, -146.3197021484375]"
hard-2-of-4_infinite,qmix-EPyMARL,7,-152.3839874267578,0.09953089996939024,"[-640.7939453125, -165.60850524902344, -155.81561279296875, -153.60092163085938, -154.25079345703125, -153.89129638671875, -152.89210510253906, -152.84442138671875, -152.53579711914062, -152.3839874267578, -153.17420959472656]"
hard-2-of-4_infinite,qmix-EPyMARL,8,-152.4139404296875,0.09974702669519808,"[-758.1860961914062, -157.40463256835938, -152.91665649414062, -166.41653442382812, -156.0501251220703, -164.9699249267578, -152.52732849121094, -155.41847229003906, -152.4139404296875, -155.83677673339844, -157.6998748779297]"
hard-2-of-4_infinite,qmix-EPyMARL,9,-152.47308349609375,0.10017377513596748,"[-640.7939453125, -155.1063995361328, -159.7944793701172, -155.85743713378906, -157.88829040527344, -159.20120239257812, -157.67897033691406, -152.72622680664062, -152.7172088623047, -152.47308349609375, -155.60397338867188]"
hard-3-of-4_infinite,ippo-EPyMARL,1,-326.9677429199219,0.07579950291159765,"[-645.5332641601562, -328.4197692871094, -334.2601318359375, -327.60015869140625, -329.9718017578125, -327.77105712890625, -328.87158203125, -327.20501708984375, -326.9677429199219, -333.1725158691406, -327.9833068847656, -328.3783874511719, -328.3966064453125, -327.6121520996094, -333.341796875, -327.727783203125, -327.8288269042969, -327.1131896972656, -327.32781982421875, -328.7940368652344, -330.34954833984375]"
hard-3-of-4_infinite,ippo-EPyMARL,10,-309.923095703125,0.019718671085858563,"[-636.6725463867188, -315.7168884277344, -317.4033203125, -317.30816650390625, -312.8695068359375, -312.7749328613281, -313.8254089355469, -313.1427917480469, -314.26318359375, -315.1570129394531, -317.0658874511719, -312.6973876953125, -310.9073486328125, -309.923095703125, -311.3101501464844, -312.7495422363281, -314.2047119140625, -313.8880920410156, -311.0787658691406, -310.9876403808594, -312.4449462890625]"
hard-3-of-4_infinite,ippo-EPyMARL,2,-310.3344421386719,0.0210720960045796,"[-624.8739624023438, -314.19879150390625, -312.9006042480469, -313.452392578125, -313.4496765136719, -312.0768127441406, -311.4325256347656, -310.8324890136719, -313.0651550292969, -311.88983154296875, -310.8399963378906, -312.4737548828125, -312.2720947265625, -310.81768798828125, -312.3702087402344, -311.3605041503906, -310.71099853515625, -313.09942626953125, -311.72216796875, -310.3344421386719, -313.7625732421875]"
hard-3-of-4_infinite,ippo-EPyMARL,3,-310.7284851074219,0.022368588515190524,"[-635.3177490234375, -314.7098083496094, -313.1663513183594, -311.8606872558594, -313.4395751953125, -313.248291015625, -315.8921203613281, -313.9494934082031, -313.0391845703125, -312.73809814453125, -310.8353271484375, -310.8682861328125, -312.6042175292969, -313.1736145019531, -312.1572265625, -312.234130859375, -311.1785888671875, -310.8990173339844, -310.7284851074219, -312.0964660644531, -310.7331237792969]"
hard-3-of-4_infinite,ippo-EPyMARL,4,-310.9966735839844,0.023250990635950375,"[-628.2116088867188, -313.64324951171875, -315.77740478515625, -312.69866943359375, -312.3406982421875, -313.02447509765625, -312.2572021484375, -316.2030334472656, -313.56634521484375, -316.1528625488281, -315.52825927734375, -313.2353210449219, -310.9966735839844, -312.6382141113281, -311.7717590332031, -311.7366943359375, -313.79815673828125, -313.3594665527344, -313.181884765625, -312.7745056152344, -314.04022216796875]"
hard-3-of-4_infinite,ippo-EPyMARL,5,-310.3589782714844,0.0211528255568203,"[-626.321044921875, -314.2858581542969, -311.58612060546875, -314.2548828125, -314.8497314453125, -312.719970703125, -313.42724609375, -315.71746826171875, -313.2423095703125, -311.5731506347656, -314.244140625, -311.5190734863281, -314.2873840332031, -315.540771484375, -313.34979248046875, -312.56982421875, -312.8528747558594, -310.900634765625, -312.6405944824219, -311.0012512207031, -310.3589782714844]"
hard-3-of-4_infinite,ippo-EPyMARL,6,-310.82586669921875,0.02268899647688194,"[-626.7164306640625, -312.9239501953125, -314.6029052734375, -315.14678955078125, -313.015625, -312.9624328613281, -317.2456970214844, -313.63720703125, -312.736328125, -310.82586669921875, -312.54229736328125, -311.5155334472656, -311.710205078125, -311.58770751953125, -315.5142822265625, -313.0254211425781, -314.1644287109375, -312.0345764160156, -312.9053955078125, -312.0687255859375, -310.9557800292969]"
hard-3-of-4_infinite,ippo-EPyMARL,7,-310.3562927246094,0.021143989486425818,"[-635.760986328125, -313.979736328125, -313.6629638671875, -316.0492248535156, -312.38714599609375, -310.69293212890625, -314.6560363769531, -315.58319091796875, -313.60699462890625, -310.9078674316406, -312.6207580566406, -313.719482421875, -312.22442626953125, -311.62200927734375, -313.59332275390625, -316.0953063964844, -311.62322998046875, -310.3562927246094, -313.11944580078125, -311.374267578125, -310.77789306640625]"
hard-3-of-4_infinite,ippo-EPyMARL,8,-311.3908996582031,0.024548085605906378,"[-633.2191162109375, -313.93792724609375, -315.6968078613281, -311.3908996582031, -313.9029846191406, -311.7574157714844, -320.1246032714844, -312.6675720214844, -316.3058776855469, -312.8985595703125, -313.0064697265625, -312.0025329589844, -314.67510986328125, -313.84857177734375, -314.9068908691406, -313.171630859375, -313.9039611816406, -312.64404296875, -316.1383056640625, -312.5555725097656, -313.3445129394531]"
hard-3-of-4_infinite,ippo-EPyMARL,9,-310.7894287109375,0.022569107067211158,"[-632.925537109375, -313.4036560058594, -313.3714294433594, -316.718017578125, -312.5823669433594, -314.41571044921875, -313.5083312988281, -312.9488220214844, -313.41265869140625, -310.9908142089844, -310.7894287109375, -312.3636169433594, -313.34954833984375, -312.97943115234375, -312.9786682128906, -311.8290710449219, -313.6721496582031, -313.3854064941406, -313.4646301269531, -315.4133605957031, -312.8398742675781]"
hard-3-of-4_infinite,mappo-EPyMARL,1,-310.2800598144531,0.020893165579090933,"[-640.0327758789062, -314.1217346191406, -312.8367919921875, -311.3949279785156, -313.3522033691406, -312.7607727050781, -312.7711181640625, -311.2262268066406, -312.4282531738281, -313.96221923828125, -313.5422668457031, -312.49761962890625, -312.7696228027344, -312.96868896484375, -313.5823974609375, -314.848388671875, -313.9732666015625, -312.26416015625, -311.9560546875, -310.2800598144531, -311.2169494628906]"
hard-3-of-4_infinite,mappo-EPyMARL,10,-310.0544128417969,0.02015073484617136,"[-636.7635498046875, -311.6286926269531, -311.8617248535156, -311.6834716796875, -314.6274108886719, -314.9408264160156, -313.791748046875, -314.0589294433594, -316.4378662109375, -313.9188537597656, -314.10919189453125, -314.2554626464844, -315.32464599609375, -311.6590270996094, -310.18475341796875, -310.55694580078125, -310.90032958984375, -312.1015319824219, -310.42742919921875, -310.0544128417969, -314.21002197265625]"
hard-3-of-4_infinite,mappo-EPyMARL,2,-311.35986328125,0.024445968746915403,"[-628.4672241210938, -314.9778747558594, -313.39801025390625, -313.22265625, -313.2171325683594, -314.4587707519531, -312.9695739746094, -314.5751037597656, -314.0652160644531, -315.72406005859375, -313.938232421875, -315.9172668457031, -312.4715576171875, -315.3895263671875, -313.78765869140625, -312.8311462402344, -311.35986328125, -313.79443359375, -313.0833435058594, -313.95574951171875, -312.037841796875]"
hard-3-of-4_infinite,mappo-EPyMARL,3,-310.3275451660156,0.02104940336924832,"[-628.349365234375, -312.744384765625, -314.08270263671875, -313.5601806640625, -313.6171875, -312.3640441894531, -315.5829772949219, -310.9803466796875, -315.71856689453125, -314.3226623535156, -313.565185546875, -310.79510498046875, -312.6321716308594, -310.9551086425781, -310.8518371582031, -311.6715087890625, -317.1029968261719, -311.4491271972656, -312.42236328125, -310.5721435546875, -310.3275451660156]"
hard-3-of-4_infinite,mappo-EPyMARL,4,-310.8174743652344,0.02266138375689919,"[-630.7017822265625, -312.0730285644531, -312.8241882324219, -311.4388122558594, -312.4729919433594, -318.85247802734375, -313.9256591796875, -311.0086669921875, -314.4858703613281, -312.6141662597656, -314.394287109375, -315.8638610839844, -314.7817077636719, -314.2099304199219, -311.27593994140625, -313.3030090332031, -313.0045471191406, -310.91668701171875, -310.8174743652344, -312.3095397949219, -311.15960693359375]"
hard-3-of-4_infinite,mappo-EPyMARL,5,-310.6890869140625,0.022238959346107645,"[-636.5181274414062, -315.0654296875, -314.516845703125, -311.44781494140625, -311.193115234375, -313.3793640136719, -313.84344482421875, -312.3418273925781, -314.5044250488281, -311.36639404296875, -310.9737854003906, -311.936767578125, -310.6890869140625, -314.3583679199219, -313.25762939453125, -311.9199523925781, -310.99365234375, -310.8431091308594, -312.7782287597656, -314.0257873535156, -310.8710632324219]"
hard-3-of-4_infinite,mappo-EPyMARL,6,-310.1521301269531,0.020472247316662084,"[-632.955322265625, -315.4574890136719, -314.33062744140625, -313.3042297363281, -312.45465087890625, -314.86822509765625, -314.30389404296875, -313.3190612792969, -310.1521301269531, -311.3881530761719, -310.9202880859375, -311.26617431640625, -312.82550048828125, -311.58697509765625, -314.0050048828125, -311.9314270019531, -312.8774108886719, -310.9493103027344, -311.86102294921875, -315.86480712890625, -311.7386169433594]"
hard-3-of-4_infinite,mappo-EPyMARL,7,-310.2677307128906,0.020852599983189002,"[-628.7996215820312, -313.9137878417969, -313.9885559082031, -313.2286071777344, -311.8568115234375, -312.64813232421875, -313.78314208984375, -315.52996826171875, -312.823486328125, -313.0044860839844, -311.5197448730469, -315.727783203125, -313.4656982421875, -312.6227722167969, -313.2783203125, -310.2677307128906, -310.2810974121094, -315.3114013671875, -311.97930908203125, -313.0024719238281, -311.8381652832031]"
hard-3-of-4_infinite,mappo-EPyMARL,8,-310.37200927734375,0.021195700580211696,"[-632.1096801757812, -311.43475341796875, -313.59844970703125, -313.4018249511719, -312.90887451171875, -313.8372497558594, -311.0509033203125, -313.8146667480469, -314.696044921875, -313.16229248046875, -316.0944519042969, -310.4686279296875, -312.8466796875, -315.5908508300781, -313.9511413574219, -312.0653381347656, -313.3099670410156, -311.0202941894531, -310.37200927734375, -310.4419250488281, -314.2415466308594]"
hard-3-of-4_infinite,mappo-EPyMARL,9,-310.63494873046875,0.02206083219974575,"[-636.0439453125, -312.7395935058594, -313.02276611328125, -313.4981384277344, -314.98101806640625, -313.1578063964844, -311.8872375488281, -312.0074157714844, -311.1130676269531, -310.63494873046875, -312.8781433105469, -310.9667663574219, -313.2895202636719, -312.61669921875, -310.9336853027344, -310.7030334472656, -311.9246520996094, -315.96649169921875, -312.429443359375, -313.1200866699219, -311.8681335449219]"
hard-3-of-4_infinite,qmix-EPyMARL,1,-309.51751708984375,0.01838422363650749,"[-1351.9058837890625, -311.3461608886719, -309.61724853515625, -309.7842712402344, -312.0082702636719, -309.51751708984375, -311.2561340332031, -312.8143615722656, -314.7235412597656, -311.98785400390625, -311.0174255371094]"
hard-3-of-4_infinite,qmix-EPyMARL,10,-308.3798828125,0.014641143725528938,"[-947.2400512695312, -312.4700012207031, -311.7029113769531, -309.6528625488281, -310.6123352050781, -309.6759033203125, -311.1482849121094, -309.932373046875, -308.3798828125, -308.98760986328125, -308.9051818847656]"
hard-3-of-4_infinite,qmix-EPyMARL,2,-308.9663391113281,0.016570720597927524,"[-1350.0596923828125, -310.51763916015625, -309.74853515625, -312.34136962890625, -309.6392517089844, -309.3975524902344, -309.8824462890625, -314.36993408203125, -309.5882568359375, -309.0363464355469, -308.9663391113281]"
hard-3-of-4_infinite,qmix-EPyMARL,3,-309.8453674316406,0.01946292709387243,"[-639.7495727539062, -311.9966125488281, -310.2393798828125, -309.8453674316406, -314.2069396972656, -311.6724548339844, -310.5367736816406, -310.106689453125, -312.5115051269531, -314.3445739746094, -312.49737548828125]"
hard-3-of-4_infinite,qmix-EPyMARL,4,-308.9443054199219,0.016498224656736227,"[-1231.833984375, -311.5472412109375, -310.6004638671875, -314.1947937011719, -310.907470703125, -311.1191101074219, -311.2764892578125, -310.1668701171875, -309.2969665527344, -311.5263671875, -308.9443054199219]"
hard-3-of-4_infinite,qmix-EPyMARL,5,-308.683349609375,0.015639619680107186,"[-1348.8505859375, -313.628173828125, -312.7300720214844, -317.149169921875, -308.683349609375, -311.9822082519531, -310.4476013183594, -309.92498779296875, -316.2891540527344, -309.8843688964844, -309.2230529785156]"
hard-3-of-4_infinite,qmix-EPyMARL,6,-309.72247314453125,0.01905857646343323,"[-1254.9473876953125, -309.8937072753906, -313.6976318359375, -311.5489807128906, -312.1389465332031, -310.63385009765625, -311.53125, -309.72247314453125, -310.094970703125, -311.664794921875, -310.335205078125]"
hard-3-of-4_infinite,qmix-EPyMARL,7,-309.9580078125,0.019833540000987027,"[-1255.4150390625, -312.7701721191406, -312.58160400390625, -310.7552185058594, -311.4670715332031, -310.66412353515625, -310.60687255859375, -311.1964416503906, -309.9580078125, -310.4280090332031, -310.0744934082031]"
hard-3-of-4_infinite,qmix-EPyMARL,8,-309.1081237792969,0.017037224950800844,"[-1231.833984375, -314.3448486328125, -312.0436706542969, -312.59942626953125, -309.151123046875, -309.1081237792969, -309.6961975097656, -310.6104431152344, -309.6429138183594, -310.5501708984375, -309.162109375]"
hard-3-of-4_infinite,qmix-EPyMARL,9,-309.2323913574219,0.017446094026327907,"[-1231.833984375, -311.60552978515625, -310.6898498535156, -310.6053771972656, -309.2323913574219, -314.8100280761719, -310.1446228027344, -311.2815246582031, -313.1042785644531, -310.0849304199219, -309.6275329589844]"
hard-4-of-4_infinite,ippo-EPyMARL,1,-748.3728637695312,0.0011141394032845309,"[-1429.2779541015625, -751.0499267578125, -754.70458984375, -750.8807983398438, -754.9838256835938, -754.0282592773438, -759.5975952148438, -759.2115478515625, -751.5960083007812, -750.4088745117188, -748.3728637695312, -751.660888671875, -750.0723876953125, -759.8115234375, -758.847412109375, -750.1546630859375, -769.484619140625, -760.2090454101562, -758.7818603515625, -757.764892578125, -751.9033813476562]"
hard-4-of-4_infinite,ippo-EPyMARL,10,-748.7639770507812,0.001637339875834476,"[-1469.3858642578125, -759.3326416015625, -751.8585815429688, -749.0523071289062, -750.7392578125, -750.1071166992188, -750.0046997070312, -750.2868041992188, -750.9049072265625, -758.39794921875, -757.4483032226562, -754.0752563476562, -750.2703247070312, -777.0192260742188, -759.109619140625, -752.7767944335938, -748.7639770507812, -750.9882202148438, -749.8455810546875, -759.0878295898438, -759.4501342773438]"
hard-4-of-4_infinite,ippo-EPyMARL,3,-748.9698486328125,0.0019127386264448099,"[-1440.054931640625, -757.746826171875, -751.193603515625, -750.1155395507812, -754.4061889648438, -751.3514404296875, -749.9400024414062, -759.5294189453125, -749.3798217773438, -749.7244873046875, -758.0560913085938, -756.520263671875, -749.9468994140625, -749.6114501953125, -748.9698486328125, -750.5333862304688, -758.4453735351562, -758.1207885742188, -757.5955200195312, -750.080810546875, -750.3296508789062]"
hard-4-of-4_infinite,ippo-EPyMARL,4,-748.6195068359375,0.001444079027125733,"[-1440.2919921875, -761.8092041015625, -758.5291137695312, -751.4266357421875, -758.5065307617188, -750.1231079101562, -749.87890625, -753.212158203125, -750.6519775390625, -748.6195068359375, -754.4360961914062, -750.5259399414062, -751.5018310546875, -758.1661376953125, -750.7759399414062, -758.2350463867188, -752.4700927734375, -758.6514282226562, -750.0978393554688, -750.7162475585938, -749.551513671875]"
hard-4-of-4_infinite,ippo-EPyMARL,5,-749.6936645507812,0.0028810024223202557,"[-1513.7091064453125, -758.2828979492188, -749.6936645507812, -758.9674682617188, -752.3779296875, -752.75146484375, -751.651611328125, -750.6201782226562, -750.23583984375, -752.3701782226562, -750.7303466796875, -758.156005859375, -758.1015014648438, -758.34423828125, -750.2861328125, -749.8570556640625, -758.2369384765625, -750.5875854492188, -757.4163208007812, -751.2675170898438, -783.5108642578125]"
hard-4-of-4_infinite,ippo-EPyMARL,6,-749.392578125,0.0024782327701529105,"[-1442.3829345703125, -758.4336547851562, -754.9067993164062, -750.697998046875, -749.5516967773438, -753.2662963867188, -758.1689453125, -757.8845825195312, -758.336669921875, -749.392578125, -750.61669921875, -757.2916870117188, -750.7806396484375, -758.2128295898438, -759.09814453125, -751.9637451171875, -750.3013305664062, -750.1776733398438, -759.6571044921875, -758.9837646484375, -760.7932739257812]"
hard-4-of-4_infinite,ippo-EPyMARL,7,-748.2294921875,0.0009223482188245313,"[-1480.77978515625, -758.4742431640625, -752.6166381835938, -758.7381591796875, -752.2379760742188, -758.0255737304688, -751.3653564453125, -752.1336669921875, -759.4655151367188, -749.3784790039062, -758.1199951171875, -755.7257690429688, -753.2064208984375, -757.9129028320312, -753.9796142578125, -757.6975708007812, -749.777587890625, -750.3619384765625, -748.2294921875, -752.2683715820312, -759.8140869140625]"
hard-4-of-4_infinite,ippo-EPyMARL,8,-749.7041625976562,0.0028950458806971113,"[-1452.3583984375, -757.7015380859375, -759.00537109375, -753.0289306640625, -751.3190307617188, -759.0374145507812, -750.6179809570312, -750.647216796875, -758.1001586914062, -749.8514404296875, -757.490234375, -750.5180053710938, -750.5033569335938, -749.7041625976562, -758.9603271484375, -750.3134155273438, -750.1905517578125, -751.1209716796875, -758.145263671875, -757.4199829101562, -758.0383911132812]"
hard-4-of-4_infinite,ippo-EPyMARL,9,-748.314453125,0.0010360022540600866,"[-1495.88330078125, -759.5405883789062, -749.0908813476562, -749.3359375, -748.9993896484375, -758.4158935546875, -752.6635131835938, -748.80322265625, -760.7622680664062, -751.2909545898438, -758.5181884765625, -749.9722900390625, -750.6284790039062, -749.608154296875, -748.314453125, -750.6578979492188, -750.575439453125, -750.4357299804688, -750.23095703125, -749.0289306640625, -749.0205688476562]"
hard-4-of-4_infinite,mappo-EPyMARL,1,-748.2628784179688,0.0009670096823832797,"[-1462.77490234375, -759.3807983398438, -748.8185424804688, -749.9467163085938, -758.2589721679688, -749.6161499023438, -749.4091796875, -751.0015258789062, -758.6434936523438, -750.0936889648438, -757.9296875, -759.9259033203125, -758.48876953125, -758.259033203125, -748.2628784179688, -757.7901000976562, -757.6835327148438, -759.6156616210938, -758.0347290039062, -758.116943359375, -759.5783081054688]"
hard-4-of-4_infinite,mappo-EPyMARL,10,-749.03125,0.001994876528346401,"[-1464.3541259765625, -749.98583984375, -757.22607421875, -750.0592651367188, -759.5289306640625, -757.8231201171875, -750.3909301757812, -758.6310424804688, -758.7869873046875, -751.405029296875, -760.0591430664062, -760.004638671875, -760.2721557617188, -759.4673461914062, -759.5672607421875, -749.03125, -750.2894897460938, -750.2026977539062, -749.3878173828125, -758.0820922851562, -757.23681640625]"
hard-4-of-4_infinite,mappo-EPyMARL,2,-748.6282958984375,0.0014558363411156794,"[-1460.997314453125, -759.8501586914062, -749.9191284179688, -750.1951904296875, -759.2655029296875, -759.5517578125, -749.6746215820312, -748.6282958984375, -750.0321044921875, -750.4463500976562, -749.9735717773438, -750.1029052734375, -753.9448852539062, -759.3489379882812, -750.5791015625, -764.1072998046875, -749.7360229492188, -749.89794921875, -757.7059326171875, -749.3671264648438, -757.737060546875]"
hard-4-of-4_infinite,mappo-EPyMARL,3,-748.5945434570312,0.0014106849894739426,"[-1458.4945068359375, -754.1101684570312, -758.0372924804688, -750.593994140625, -755.8938598632812, -758.8936767578125, -758.2672119140625, -750.2755737304688, -758.8424682617188, -758.8107299804688, -750.3469848632812, -750.80029296875, -751.0494384765625, -750.7415771484375, -749.34130859375, -759.1708984375, -751.1163940429688, -758.5140991210938, -748.5945434570312, -749.8450927734375, -749.9219970703125]"
hard-4-of-4_infinite,mappo-EPyMARL,4,-748.1486206054688,0.0008141646005146441,"[-1471.4552001953125, -752.2637329101562, -752.2438354492188, -756.71875, -759.1907348632812, -749.2093505859375, -758.7840576171875, -754.4767456054688, -750.6778564453125, -759.844482421875, -750.3259887695312, -757.9271850585938, -758.19189453125, -748.8211059570312, -757.7473754882812, -750.3348999023438, -755.0833740234375, -750.7077026367188, -748.1486206054688, -750.0707397460938, -759.3843383789062]"
hard-4-of-4_infinite,mappo-EPyMARL,5,-750.0487060546875,0.0033559489187033886,"[-1426.8118896484375, -758.7167358398438, -750.122314453125, -759.566162109375, -758.7006225585938, -758.9490966796875, -750.0487060546875, -757.5626220703125, -759.4442138671875, -759.788818359375, -751.0040893554688, -758.5914916992188, -759.4885864257812, -758.97021484375, -758.7777709960938, -758.5703735351562, -758.199462890625, -758.65478515625, -757.5247802734375, -758.5983276367188, -758.362060546875]"
hard-4-of-4_infinite,mappo-EPyMARL,6,-748.4769897460938,0.0012534309148590772,"[-1453.3914794921875, -757.675048828125, -759.0478515625, -758.5672607421875, -758.4220581054688, -764.4876708984375, -759.1263427734375, -758.7274169921875, -755.2020874023438, -748.4769897460938, -758.3096923828125, -750.791259765625, -759.0620727539062, -777.9028930664062, -749.8880004882812, -749.6770629882812, -757.7960815429688, -759.5247802734375, -758.4451904296875, -758.388427734375, -759.4299926757812]"
hard-4-of-4_infinite,mappo-EPyMARL,8,-748.4177856445312,0.0011742323414549727,"[-1506.8441162109375, -752.0484008789062, -760.197265625, -758.6259155273438, -751.5713500976562, -748.4177856445312, -757.6112670898438, -757.6889038085938, -757.7407836914062, -759.1261596679688, -750.2317504882812, -750.0923461914062, -759.3016967773438, -759.1640625, -753.3421630859375, -758.7992553710938, -749.2759399414062, -749.4367065429688, -750.7418212890625, -750.25830078125, -758.5283203125]"
hard-4-of-4_infinite,mappo-EPyMARL,9,-749.5145874023438,0.0026414471497762104,"[-1477.908935546875, -757.2379760742188, -750.8838500976562, -750.3228149414062, -750.0144653320312, -756.9046630859375, -758.3325805664062, -757.7845458984375, -758.1603393554688, -758.685546875, -752.1295776367188, -749.5145874023438, -759.7074584960938, -757.274658203125, -757.6990966796875, -749.8990478515625, -758.8013305664062, -750.9899291992188, -758.245361328125, -749.7216796875, -759.4843139648438]"
hard-4-of-4_infinite,qmix-EPyMARL,1,-748.2944946289062,0.0010093033535414353,"[-1284.5838623046875, -752.6875, -753.939208984375, -752.57080078125, -750.8985595703125, -750.9346313476562, -750.2805786132812, -749.2314453125, -748.2944946289062, -749.1463012695312, -750.6185302734375]"
hard-4-of-4_infinite,qmix-EPyMARL,10,-748.4361572265625,0.0011988083936145255,"[-1284.5838623046875, -758.5654296875, -748.9774169921875, -751.430908203125, -748.7384033203125, -749.2119750976562, -750.7588500976562, -753.2196655273438, -748.4361572265625, -751.3399047851562, -750.1361694335938]"
hard-4-of-4_infinite,qmix-EPyMARL,2,-747.8439331054688,0.00040657771553198607,"[-2040.947509765625, -752.8939819335938, -748.815185546875, -749.5771484375, -752.2755737304688, -749.628173828125, -760.6058349609375, -749.7695922851562, -747.8439331054688, -748.995849609375, -753.8703002929688]"
hard-4-of-4_infinite,qmix-EPyMARL,3,-749.7072143554688,0.0028991282813879415,"[-1284.5838623046875, -751.5996704101562, -751.1688232421875, -753.4345092773438, -752.0160522460938, -751.4737548828125, -749.7786254882812, -750.221923828125, -753.3440551757812, -749.7072143554688, -750.1097412109375]"
hard-4-of-4_infinite,qmix-EPyMARL,4,-747.8914184570312,0.0004700998702829029,"[-2118.251708984375, -759.2586669921875, -755.4605712890625, -747.8914184570312, -752.3131713867188, -750.9464721679688, -748.8327026367188, -753.6345825195312, -752.0303955078125, -753.9241333007812, -750.9258422851562]"
hard-4-of-4_infinite,qmix-EPyMARL,5,-748.034423828125,0.000661401166660136,"[-2062.20166015625, -753.25537109375, -752.041015625, -748.034423828125, -751.6053466796875, -750.03369140625, -757.5848999023438, -749.6206665039062, -750.1203002929688, -753.640380859375, -749.5775756835938]"
hard-4-of-4_infinite,qmix-EPyMARL,6,-748.1891479492188,0.0008683788816903348,"[-1284.5838623046875, -749.2185668945312, -750.86767578125, -749.1539916992188, -755.7139892578125, -750.4327392578125, -749.8344116210938, -753.0486450195312, -748.1891479492188, -749.1044921875, -748.4574584960938]"
hard-4-of-4_infinite,qmix-EPyMARL,7,-747.4603271484375,-0.00010658005131825021,"[-1284.5838623046875, -749.0394287109375, -749.4813842773438, -747.7315063476562, -751.1818237304688, -750.552490234375, -748.2140502929688, -748.5773315429688, -753.7803955078125, -747.4603271484375, -748.6846923828125]"
hard-4-of-4_infinite,qmix-EPyMARL,8,-749.7139282226562,0.00290810956290799,"[-1921.1895751953125, -751.6574096679688, -752.4523315429688, -757.8552856445312, -753.213134765625, -749.7139282226562, -751.6226196289062, -750.9747314453125, -750.2386474609375, -750.1107788085938, -759.2575073242188]"
hard-4-of-4_infinite,qmix-EPyMARL,9,-748.6415405273438,0.0014735539601142822,"[-1284.5838623046875, -749.1878662109375, -754.0183715820312, -750.5540771484375, -750.85546875, -750.8684692382812, -748.6415405273438, -752.538330078125, -749.2380981445312, -750.6986694335938, -752.0449829101562]"
